{
    "(0, 0, 1, 0)": [
        1.0,
        0.0,
        0.0
    ],
    "(1, 0, 1, 0)": [
        0.0,
        0.0,
        0.0
    ],
    "(0, 0, 0, 1)": [
        1.0,
        0.9279511019426414,
        0.9280901100580379
    ],
    "(1, 0, 0, 1)": [
        0.9184288183044431,
        0.873937274046039,
        0.6941239345301616
    ],
    "(2, 1, 1, 0)": [
        0.0,
        0.0,
        0.0
    ],
    "(2, 1, 0, 1)": [
        0.7909170241633221,
        0.6198897168322322,
        0.3435427720081238
    ],
    "(3, 2, 1, 0)": [
        0.0,
        0.0,
        0.0
    ],
    "(3, 2, 0, 1)": [
        0.640435053407584,
        0.008026385399563515,
        0.5159453703268626
    ],
    "(4, 3, 0, 0)": [
        0,
        0,
        0
    ],
    "(0, 1, 1, 0)": [
        1.0,
        0.0,
        0.0
    ],
    "(0, 1, 0, 1)": [
        1.0,
        0.9717119630113906,
        0.9503043908864615
    ],
    "(1, 1, 1, 0)": [
        0.0,
        0.0,
        0.0
    ],
    "(1, 1, 0, 1)": [
        0.9610035293788187,
        0.9000946489829648,
        0.9051180483290586
    ],
    "(2, 2, 1, 0)": [
        0.0,
        0.0,
        0.0
    ],
    "(2, 2, 0, 1)": [
        0.8905995182317774,
        0.599203727128709,
        0.782150211552772
    ],
    "(4, 2, 0, 0)": [
        0,
        0,
        0
    ],
    "(2, 0, 1, 0)": [
        0.0,
        0.0,
        0.0
    ],
    "(2, 0, 0, 1)": [
        0.5330077897034514,
        0.5637242813970198,
        0.41263873741937973
    ],
    "(3, 0, 1, 0)": [
        0.0,
        0.0,
        0.0
    ],
    "(3, 0, 0, 1)": [
        0.1833793870353178,
        0.09272425571490693,
        3.371736093854607e-07
    ],
    "(3, 1, 1, 0)": [
        0.0,
        0.0,
        0.0
    ],
    "(3, 1, 0, 1)": [
        0.23489874934900046,
        0.04517872361211811,
        0.13207856241621024
    ],
    "(4, 1, 0, 0)": [
        0,
        0,
        0
    ],
    "(1, 2, 1, 0)": [
        0.0,
        0.0,
        0.0
    ],
    "(1, 2, 0, 1)": [
        0.9968352011657442,
        0.968486517070219,
        0.8905544721526003
    ],
    "(2, 3, 1, 0)": [
        0.0,
        0.0,
        0.0
    ],
    "(2, 3, 0, 1)": [
        0.9720453560922109,
        0.9953575470841092,
        0.9108677292032167
    ],
    "(2, 4, 1, 0)": [
        0.0,
        0.0,
        0.0
    ],
    "(2, 4, 0, 1)": [
        1.0,
        1.0,
        1.0
    ],
    "(3, 4, 1, 0)": [
        0.0,
        0.0,
        0.0
    ],
    "(3, 4, 0, 1)": [
        1.0,
        1.0,
        1.0
    ],
    "(4, 4, 0, 0)": [
        0,
        0,
        0
    ],
    "(0, 2, 0, 1)": [
        1.0,
        0.9992419938191515,
        0.9854144967667546
    ],
    "(0, 2, 1, 0)": [
        0.0,
        0.0,
        0.0
    ],
    "(3, 3, 1, 0)": [
        0.0,
        0.0,
        0.0
    ],
    "(3, 3, 0, 1)": [
        0.9599455887204654,
        0.9823606599746306,
        0.5981457301024078
    ],
    "(1, 3, 1, 0)": [
        0.0,
        0.0,
        0.0
    ],
    "(1, 3, 0, 1)": [
        0.9976697028783932,
        0.9993890404043497,
        0.9917878535551304
    ],
    "(1, 4, 1, 0)": [
        0.0,
        0.0,
        0.0
    ],
    "(1, 4, 0, 1)": [
        1.0,
        1.0,
        1.0
    ],
    "(0, 3, 1, 0)": [
        0.0,
        0.0,
        0.0
    ],
    "(0, 3, 0, 1)": [
        1.0,
        1.0,
        0.9994141443387012
    ],
    "(0, 4, 1, 0)": [
        0.0,
        0.0,
        0.0
    ],
    "(0, 4, 0, 1)": [
        1.0,
        1.0,
        1.0
    ],
    "(4, 0, 0, 0)": [
        0,
        0,
        0
    ]
}